<?xml version="1.0" encoding="UTF-8"?>
<project-private xmlns="http://www.netbeans.org/ns/project-private/1">
    <editor-bookmarks xmlns="http://www.netbeans.org/ns/editor-bookmarks/2" lastBookmarkId="0"/>
    <open-files xmlns="http://www.netbeans.org/ns/projectui-open-files/2">
        <group>
            <file>file:/C:/Users/soulo/OneDrive/Desktop/Java%20projet/ClientMachine/ClientMachine/src/ui/MachineForm.java</file>
            <file>file:/C:/Users/soulo/OneDrive/Desktop/Java%20projet/ClientMachine/ClientMachine/src/dao/IDao.java</file>
            <file>file:/C:/Users/soulo/OneDrive/Desktop/Java%20projet/ClientMachine/ClientMachine/src/ui/MachinesSalle.java</file>
            <file>file:/C:/Users/soulo/OneDrive/Desktop/Java%20projet/ClientMachine/ClientMachine/src/ui/SalleForm.java</file>
            <file>file:/C:/Users/soulo/OneDrive/Desktop/Java%20projet/ClientMachine/ClientMachine/src/entities/Machine.java</file>
            <file>file:/C:/Users/soulo/OneDrive/Desktop/Java%20projet/ClientMachine/ClientMachine/src/clientmachine/ClientMachine.java</file>
            <file>file:/C:/Users/soulo/OneDrive/Desktop/Java%20projet/ClientMachine/ClientMachine/src/entities/Salle.java</file>
            <file>file:/C:/Users/soulo/OneDrive/Desktop/Java%20projet/ClientMachine/ClientMachine/src/ui/Main.java</file>
        </group>
    </open-files>
</project-private>
