<?xml version="1.0" encoding="UTF-8"?>
<project-private xmlns="http://www.netbeans.org/ns/project-private/1">
    <editor-bookmarks xmlns="http://www.netbeans.org/ns/editor-bookmarks/2" lastBookmarkId="0"/>
    <open-files xmlns="http://www.netbeans.org/ns/projectui-open-files/2">
        <group>
            <file>file:/C:/Users/soulo/OneDrive/Desktop/Java%20projet/ServerMachine/ServerMachine/src/servermachine/ServerMachine.java</file>
            <file>file:/C:/Users/soulo/OneDrive/Desktop/Java%20projet/ServerMachine/ServerMachine/src/util/HibernateUtil.java</file>
            <file>file:/C:/Users/soulo/OneDrive/Desktop/Java%20projet/ServerMachine/ServerMachine/src/dao/IDao.java</file>
            <file>file:/C:/Users/soulo/OneDrive/Desktop/Java%20projet/ServerMachine/ServerMachine/src/entities/Machine.java</file>
            <file>file:/C:/Users/soulo/OneDrive/Desktop/Java%20projet/ServerMachine/ServerMachine/src/entities/Salle.java</file>
            <file>file:/C:/Users/soulo/OneDrive/Desktop/Java%20projet/ServerMachine/ServerMachine/src/service/SalleService.java</file>
            <file>file:/C:/Users/soulo/OneDrive/Desktop/Java%20projet/ServerMachine/ServerMachine/src/service/MachineService.java</file>
            <file>file:/C:/Users/soulo/OneDrive/Desktop/Java%20projet/ServerMachine/ServerMachine/src/config/hibernate.cfg.xml</file>
        </group>
    </open-files>
</project-private>
